TRECCS-00253316-167,167,http://www.belmontpark.com/,"belmont park"
TRECCS-00253350-167,167,http://www.lagunaartmuseum.org/,"Laguna Art Museum"
TRECCS-00253360-167,167,http://www.mingei.org,"Mingei International Museum"
TRECCS-00253415-167,167,http://www.timkenmuseum.org/,"Timken Museum of Art"
TRECCS-00253427-167,167,http://www.yelp.com/biz/mingei-international-museum-san-diego,"Mingei International Museum"
TRECCS-00253428-167,167,http://www.yelp.com/biz/museum-of-contemporary-art-san-diego-mcasd-san-diego-2,"Museum of Contemporary Art San Diego - MCASD"
TRECCS-00253432-167,167,http://www.yelp.com/biz/san-diego-air-and-space-museum-san-diego,"San Diego Air & Space Museum"
TRECCS-00253434-167,167,http://www.yelp.com/biz/san-diego-museum-of-art-san-diego-2,"San Diego Museum Of Art"
TRECCS-00253435-167,167,http://www.yelp.com/biz/the-grand-del-mar-san-diego-4,"The Grand Del Mar"
TRECCS-00253439-167,167,http://www.yelp.com/biz/timken-museum-of-art-san-diego,"Timken Museum of Art"
TRECCS-00253442-167,167,http://www.yelp.com/biz/waterfront-park-san-diego,"Waterfront Park"
TRECCS-00253666-186,186,http://norfolkbotanicalgarden.org/,"Norfolk Botanical Garden"
TRECCS-00253667-186,186,http://risupvb.com/,"rudee inlet stand up paddle"
TRECCS-00253696-186,186,http://www.catch31.com,"Catch 31"
TRECCS-00253723-186,186,http://www.historyisfun.org/jamestown-settlement.htm,"Jamestown Settlement"
TRECCS-00253790-186,186,http://www.yelp.com/biz/beach-movie-bistro-virginia-beach,"Beach Movie Bistro"
TRECCS-00253793-186,186,http://www.yelp.com/biz/captain-clines-pirate-ghost-ride-virginia-beach,"Captain Cline's Pirate Ghost Ride"
TRECCS-00253803-186,186,http://www.yelp.com/biz/neptunes-park-virginia-beach,"Neptune's Park"
TRECCS-00253806-186,186,http://www.yelp.com/biz/polar-plunge-winter-festival-virginia-beach,"Polar Plunge Winter Festival"
TRECCS-00253814-186,186,http://www.yelp.com/biz/the-old-coast-guard-station-virginia-beach,"The Old Coast Guard Station"
TRECCS-00253833-186,186,https://foursquare.com/v/whole-foods-market/50799c7ee4b0d3b808bf37cd,"Whole Foods Market"
TRECCS-00255344-274,274,http://anchoragemarkets.com/,"Anchorage Market and Festival"
TRECCS-00255394-274,274,http://www.alaskaairmuseum.org/,"Alaska Aviation Heritage Museum"
TRECCS-00255398-274,274,http://www.alaskanative.net/,"alaska native heritage center"
TRECCS-00255429-274,274,http://www.hulahands.com,"Hula Hands"
TRECCS-00255477-274,274,http://www.stephanfinearts.com/,"Stephan Fine Arts Gallery"
TRECCS-00255485-274,274,http://www.yelp.com/biz/alaska-aces-anchorage,"Alaska Aces"
TRECCS-00255487-274,274,http://www.yelp.com/biz/alaska-public-lands-visitor-center-anchorage,"Alaska Public Lands Visitor Center"
TRECCS-00255488-274,274,http://www.yelp.com/biz/alaska-trooper-museum-anchorage,"Alaska Trooper Museum"
TRECCS-00255489-274,274,http://www.yelp.com/biz/alaska-zoo-anchorage,"Alaska Zoo"
TRECCS-00255490-274,274,http://www.yelp.com/biz/anchorage-5th-avenue-mall-anchorage,"Anchorage 5th Avenue Mall"
TRECCS-00255491-274,274,http://www.yelp.com/biz/anchorage-light-speed-planet-walk-anchorage,"Anchorage Light Speed Planet Walk"
TRECCS-00255492-274,274,http://www.yelp.com/biz/anchorage-museum-anchorage-2,"Anchorage Museum"
TRECCS-00255494-274,274,http://www.yelp.com/biz/beauty-board-media-anchorage,"Beauty Board Media"
TRECCS-00255508-274,274,http://www.yelp.com/biz/oscar-anderson-house-museum-anchorage,"Oscar Anderson House Museum"
TRECCS-00255511-274,274,http://www.yelp.com/biz/resolution-park-anchorage,"Resolution Park"
TRECCS-00255522-274,274,http://www.yelp.com/biz/william-a-egan-civic-and-convention-center-anchorage,"William A Egan Civic And Convention Center"
TRECCS-00255524-274,274,https://foursquare.com/v/century-16-cinemas/4b463920f964a5208e1a26e3,"Century 16 Cinemas"
TRECCS-00255528-274,274,https://foursquare.com/v/xalos-mexican-grill-anchorage-ak/518f0307498e739d015a37e0,"Xalos Mexican Grill"
TRECCS-00255547-203,203,http://sandiacrossfit.com/,"Sandia CrossFit"
TRECCS-00255588-203,203,http://www.flyingstarcafe.com/,"Flying Star Cafe"
TRECCS-00255609-203,203,http://www.nhccnm.org/,"national hispanic cultural center"
TRECCS-00255661-203,203,http://www.yelp.com/biz/ambrozia-cafe-and-wine-bar-albuquerque-2,"Ambrozia Cafe and Wine Bar"
TRECCS-00255669-203,203,http://www.yelp.com/biz/lindys-coffee-shop-albuquerque,"Lindy's Coffee Shop"
TRECCS-00255670-203,203,http://www.yelp.com/biz/marble-brewery-albuquerque,"Marble Brewery"
TRECCS-00255682-203,203,http://www.yelp.com/biz/wildlife-west-nature-park-edgewood,"Wildlife West Nature Park"
TRECCS-00255782-349,349,http://book.bestwestern.com/bestwestern/productInfo.do?propertyCode=34136&cm_mmc=PTI-_-Wilmington-_-NC-_-34136,"Best Western Plus Coastline Inn"
TRECCS-00255815-349,349,http://www.bluemainsail.com/,"Daddy Mac's Beach Grille"
TRECCS-00255864-349,349,http://www.ncaquariums.com/,"North Carolina Aquarium at Pine Knoll Shores"
TRECCS-00255870-349,349,http://www.olivegarden.com,"Olive Garden"
TRECCS-00255883-349,349,http://www.sanitaryfishmarket.com/,"Sanitary Fish Market & Restaurant"
TRECCS-00255928-349,349,http://www.yelp.com/biz/north-carolina-aquariums-pine-knoll-shores,"North Carolina Aquariums"
TRECCS-00255950-349,349,https://jacksonvillenc.gov/index.aspx?nid=283,"Jacksonville Manager"
TRECCS-00255974-211,211,http://lulushawaii.com,"Lulu's Surf Club"
TRECCS-00256010-211,211,http://www.dole-plantation.com/,"Dole Plantation"
TRECCS-00256014-211,211,http://www.godiva.com,"Godiva Chocolatier"
TRECCS-00256063-211,211,http://www.tangocafehawaii.com/,"Tangö Contemporary Café"
TRECCS-00256088-211,211,http://www.yelp.com/biz/art-treasures-gallery-honolulu,"Art Treasures Gallery"
TRECCS-00256091-211,211,http://www.yelp.com/biz/contemporary-museum-at-first-hawaiian-center-honolulu,"Contemporary Museum at First Hawaiian Center"
TRECCS-00256095-211,211,http://www.yelp.com/biz/hawaii-estate-and-jewelry-buyers-honolulu-3,"Hawaii Estate & Jewelry Buyers"
TRECCS-00256096-211,211,http://www.yelp.com/biz/hawaii-state-art-museum-honolulu,"Hawaii State Art Museum"
TRECCS-00256097-211,211,http://www.yelp.com/biz/hawaiian-mission-houses-honolulu,"Hawaiian Mission Houses"
TRECCS-00256098-211,211,http://www.yelp.com/biz/honolulu-museum-of-art-honolulu-2,"Honolulu Museum of Art"
TRECCS-00256099-211,211,http://www.yelp.com/biz/hot-gossip-cafe-honolulu,"Hot Gossip Cafe"
TRECCS-00256100-211,211,http://www.yelp.com/biz/kakaako-makai-gateway-park-honolulu,"Kaka'ako Makai Gateway Park"
TRECCS-00256101-211,211,http://www.yelp.com/biz/king-kamehameha-v-judiciary-history-center-honolulu,"King Kamehameha V - Judiciary History Center"
TRECCS-00256103-211,211,http://www.yelp.com/biz/louis-pohl-gallery-honolulu,"Louis Pohl Gallery"
TRECCS-00256111-211,211,http://www.yelp.com/biz/the-brewseum-honolulu,"The Brewseum"
TRECCS-00256113-211,211,http://www.yelp.com/biz/us-post-office-honolulu-3,"US Post Office"
TRECCS-00256193-382,382,http://www.yelp.com/biz/burgess-grill-lawton,"Burgess Grill"
TRECCS-00256202-382,382,http://www.yelp.com/biz/institute-of-the-great-plains-lawton,"Institute of the Great Plains"
TRECCS-00256204-382,382,http://www.yelp.com/biz/the-silver-spoon-kitchen-and-bakeshop-lawton,"The Silver Spoon Kitchen & Bakeshop"
